saleId,year,sale_amount,storeId,productName,sale_quantity,sale_document,url
1,2022,1927.37,36,Tablet,4,DOC-19880,http://retail.com/receipt/1
2,2023,3645.7,71,Smartphone,1,DOC-95477,http://retail.com/receipt/2
3,2024,3770.32,12,Monitor,4,DOC-31798,http://retail.com/receipt/3
4,2023,2211.1,28,Monitor,7,DOC-17685,http://retail.com/receipt/4
5,2022,1736.43,50,TV,8,DOC-47388,http://retail.com/receipt/5
6,2023,3149.83,72,Headphones,8,DOC-30289,http://retail.com/receipt/6
7,2022,1370.35,8,Smartwatch,9,DOC-17989,http://retail.com/receipt/7
8,2024,1445.54,7,Smartwatch,8,DOC-75909,http://retail.com/receipt/8
9,2024,750.58,66,Smartphone,3,DOC-18981,http://retail.com/receipt/9
10,2024,352.43,31,Tablet,2,DOC-84668,http://retail.com/receipt/10
11,2022,2626.19,6,Smartwatch,2,DOC-64948,http://retail.com/receipt/11
12,2024,2647.34,67,TV,5,DOC-36772,http://retail.com/receipt/12
13,2024,3237.05,31,TV,7,DOC-27154,http://retail.com/receipt/13
14,2024,2922.48,59,TV,2,DOC-11220,http://retail.com/receipt/14
15,2023,2814.16,73,Smartphone,2,DOC-80468,http://retail.com/receipt/15
16,2022,2301.19,17,TV,2,DOC-42018,http://retail.com/receipt/16
17,2023,1318.19,57,Monitor,9,DOC-49651,http://retail.com/receipt/17
18,2024,4428.15,68,Smartphone,9,DOC-49240,http://retail.com/receipt/18
19,2024,510.96,18,TV,2,DOC-24029,http://retail.com/receipt/19
20,2024,2511.85,35,TV,10,DOC-37607,http://retail.com/receipt/20
21,2024,1575.82,34,Smartwatch,8,DOC-42914,http://retail.com/receipt/21
22,2022,460.73,55,Monitor,5,DOC-15778,http://retail.com/receipt/22
23,2022,1534.33,17,Headphones,5,DOC-31178,http://retail.com/receipt/23
24,2024,2016.17,55,Smartwatch,1,DOC-24663,http://retail.com/receipt/24
25,2022,4255.48,20,Smartwatch,1,DOC-58393,http://retail.com/receipt/25
26,2024,2508.74,56,Laptop,1,DOC-50404,http://retail.com/receipt/26
27,2023,4050.47,6,TV,4,DOC-99399,http://retail.com/receipt/27
28,2022,3017.85,46,Monitor,9,DOC-63264,http://retail.com/receipt/28
29,2024,3385.18,31,Monitor,3,DOC-33206,http://retail.com/receipt/29
30,2023,160.3,43,Monitor,7,DOC-97806,http://retail.com/receipt/30
31,2024,3657.83,35,Laptop,2,DOC-60140,http://retail.com/receipt/31
32,2022,3870.74,29,Laptop,8,DOC-55830,http://retail.com/receipt/32
33,2023,3701.39,30,Laptop,1,DOC-96511,http://retail.com/receipt/33
34,2022,1823.17,36,Monitor,2,DOC-46585,http://retail.com/receipt/34
35,2023,2904.59,52,Headphones,9,DOC-53404,http://retail.com/receipt/35
36,2022,563.27,34,Laptop,10,DOC-44795,http://retail.com/receipt/36
37,2022,532.39,56,TV,6,DOC-67199,http://retail.com/receipt/37
38,2024,4429.85,15,Tablet,10,DOC-34914,http://retail.com/receipt/38
39,2023,247.52,56,Smartphone,9,DOC-80575,http://retail.com/receipt/39
40,2024,3251.46,26,TV,7,DOC-19171,http://retail.com/receipt/40
41,2024,4147.43,41,Headphones,2,DOC-49363,http://retail.com/receipt/41
42,2024,1426.32,53,TV,7,DOC-48752,http://retail.com/receipt/42
43,2024,616.43,54,Headphones,7,DOC-98777,http://retail.com/receipt/43
44,2024,4067.48,73,TV,7,DOC-81819,http://retail.com/receipt/44
45,2022,1402.24,27,Tablet,10,DOC-89516,http://retail.com/receipt/45
46,2024,1484.01,57,Tablet,4,DOC-77000,http://retail.com/receipt/46
47,2023,3582.12,22,Headphones,2,DOC-47196,http://retail.com/receipt/47
48,2024,3004.15,43,Smartphone,4,DOC-98184,http://retail.com/receipt/48
49,2023,1049.65,26,Laptop,1,DOC-16057,http://retail.com/receipt/49
50,2022,4428.52,10,Tablet,7,DOC-92544,http://retail.com/receipt/50
51,2024,915.24,50,Tablet,7,DOC-41979,http://retail.com/receipt/51
52,2022,2969.46,1,Monitor,2,DOC-65724,http://retail.com/receipt/52
53,2022,832.7,67,Tablet,1,DOC-83060,http://retail.com/receipt/53
54,2022,4132.74,16,Tablet,3,DOC-70901,http://retail.com/receipt/54
55,2024,2413.54,72,Smartwatch,6,DOC-68008,http://retail.com/receipt/55
56,2024,3676.78,65,Tablet,9,DOC-68446,http://retail.com/receipt/56
57,2022,3359.27,61,Tablet,5,DOC-42406,http://retail.com/receipt/57
58,2024,1284.04,67,Tablet,4,DOC-45992,http://retail.com/receipt/58
59,2023,394.8,37,Laptop,5,DOC-54020,http://retail.com/receipt/59
60,2023,4023.97,11,Laptop,3,DOC-40311,http://retail.com/receipt/60
61,2023,3138.08,28,Smartphone,7,DOC-63424,http://retail.com/receipt/61
62,2023,2464.62,54,Smartphone,4,DOC-65069,http://retail.com/receipt/62
63,2023,4076.53,75,Headphones,1,DOC-85456,http://retail.com/receipt/63
64,2023,2172.56,46,TV,7,DOC-64921,http://retail.com/receipt/64
65,2024,3376.44,70,Monitor,10,DOC-38906,http://retail.com/receipt/65
66,2023,1026.43,56,Tablet,1,DOC-60968,http://retail.com/receipt/66
67,2023,3026.49,52,Headphones,3,DOC-71261,http://retail.com/receipt/67
68,2022,4414.21,69,Smartphone,7,DOC-87580,http://retail.com/receipt/68
69,2024,3000.35,11,Headphones,7,DOC-27786,http://retail.com/receipt/69
70,2023,858.69,34,Tablet,6,DOC-37742,http://retail.com/receipt/70
71,2023,1504.46,49,TV,7,DOC-43065,http://retail.com/receipt/71
72,2022,2142.87,70,Smartphone,6,DOC-39389,http://retail.com/receipt/72
73,2024,355.35,6,Monitor,1,DOC-42411,http://retail.com/receipt/73
74,2022,3784.57,20,Laptop,3,DOC-72070,http://retail.com/receipt/74
75,2024,559.03,28,Tablet,5,DOC-58351,http://retail.com/receipt/75
76,2022,2746.22,15,Monitor,3,DOC-50768,http://retail.com/receipt/76
77,2022,2625.15,40,Smartwatch,7,DOC-61990,http://retail.com/receipt/77
78,2024,932.57,76,Headphones,4,DOC-23356,http://retail.com/receipt/78
79,2024,3487.54,77,Monitor,2,DOC-84177,http://retail.com/receipt/79
80,2022,1595.06,55,Headphones,6,DOC-19038,http://retail.com/receipt/80
81,2024,2931.57,2,Monitor,7,DOC-74251,http://retail.com/receipt/81
82,2022,1979.18,47,Headphones,8,DOC-30052,http://retail.com/receipt/82
83,2023,833.81,67,Headphones,5,DOC-90728,http://retail.com/receipt/83
84,2024,3497.15,60,Tablet,10,DOC-45179,http://retail.com/receipt/84
85,2023,3840.12,12,TV,8,DOC-41963,http://retail.com/receipt/85
86,2023,2585.83,49,TV,1,DOC-74789,http://retail.com/receipt/86
87,2023,859.19,28,TV,5,DOC-54608,http://retail.com/receipt/87
88,2023,3967.42,36,Smartwatch,1,DOC-77715,http://retail.com/receipt/88
89,2022,430.98,53,Tablet,9,DOC-41499,http://retail.com/receipt/89
90,2024,2168.61,63,Tablet,1,DOC-22196,http://retail.com/receipt/90
91,2023,1036.1,32,TV,10,DOC-58368,http://retail.com/receipt/91
92,2023,2512.95,45,Tablet,9,DOC-53357,http://retail.com/receipt/92
93,2023,3177.7,35,TV,5,DOC-40217,http://retail.com/receipt/93
94,2022,3259.72,41,Smartphone,9,DOC-34267,http://retail.com/receipt/94
95,2022,1012.91,62,TV,10,DOC-78765,http://retail.com/receipt/95
96,2024,1309.34,13,Monitor,4,DOC-48829,http://retail.com/receipt/96
97,2022,1655.92,39,Smartphone,9,DOC-26591,http://retail.com/receipt/97
98,2023,252.54,7,Smartwatch,5,DOC-26551,http://retail.com/receipt/98
99,2024,3914.65,63,Smartphone,1,DOC-85243,http://retail.com/receipt/99
100,2023,2138.82,57,TV,3,DOC-16734,http://retail.com/receipt/100
101,2023,4237.73,62,Smartphone,2,DOC-62521,http://retail.com/receipt/101
102,2023,379.67,7,Laptop,3,DOC-83772,http://retail.com/receipt/102
103,2023,429.06,32,Smartphone,9,DOC-64548,http://retail.com/receipt/103
104,2024,2702.76,29,Monitor,9,DOC-59856,http://retail.com/receipt/104
105,2023,4092.84,39,Monitor,10,DOC-66207,http://retail.com/receipt/105
106,2023,2580.4,8,Smartwatch,2,DOC-37235,http://retail.com/receipt/106
107,2024,989.06,11,Laptop,4,DOC-32782,http://retail.com/receipt/107
108,2024,384.04,1,Tablet,8,DOC-87832,http://retail.com/receipt/108
109,2023,1346.1,30,TV,5,DOC-69510,http://retail.com/receipt/109
110,2022,3108.86,34,Monitor,10,DOC-96662,http://retail.com/receipt/110
111,2022,1941.87,70,Laptop,3,DOC-44816,http://retail.com/receipt/111
112,2022,367.77,22,Monitor,5,DOC-87993,http://retail.com/receipt/112
113,2024,3717.87,37,Tablet,2,DOC-71433,http://retail.com/receipt/113
114,2024,1403.21,52,TV,9,DOC-80776,http://retail.com/receipt/114
115,2023,1998.03,77,Smartphone,7,DOC-52247,http://retail.com/receipt/115
116,2024,1164.14,12,Laptop,10,DOC-86955,http://retail.com/receipt/116
117,2022,4498.1,35,Smartwatch,1,DOC-32962,http://retail.com/receipt/117
118,2023,2359.39,57,TV,3,DOC-86720,http://retail.com/receipt/118
119,2023,2874.79,63,Smartphone,8,DOC-55607,http://retail.com/receipt/119
120,2023,1533.22,14,Monitor,3,DOC-53228,http://retail.com/receipt/120
121,2023,3136.85,37,Headphones,7,DOC-82102,http://retail.com/receipt/121
122,2022,2073.98,41,TV,6,DOC-25194,http://retail.com/receipt/122
123,2023,3898.85,1,Headphones,9,DOC-70552,http://retail.com/receipt/123
124,2023,291.21,67,TV,10,DOC-75338,http://retail.com/receipt/124
125,2024,2017.08,7,Laptop,5,DOC-81987,http://retail.com/receipt/125
126,2022,4178.14,57,Headphones,8,DOC-25915,http://retail.com/receipt/126
127,2022,4380.5,31,Headphones,3,DOC-50730,http://retail.com/receipt/127
128,2024,110.85,53,Smartphone,4,DOC-24871,http://retail.com/receipt/128
129,2023,4264.42,20,Tablet,5,DOC-76698,http://retail.com/receipt/129
130,2024,1266.74,62,Tablet,4,DOC-69871,http://retail.com/receipt/130
131,2024,693.66,25,Smartwatch,9,DOC-27892,http://retail.com/receipt/131
132,2022,1279.3,54,TV,9,DOC-45018,http://retail.com/receipt/132
133,2022,1308.63,39,Monitor,10,DOC-86011,http://retail.com/receipt/133
134,2024,2228.9,20,Tablet,9,DOC-73483,http://retail.com/receipt/134
135,2023,1529.36,70,Tablet,8,DOC-52176,http://retail.com/receipt/135
136,2022,4414.45,31,Smartwatch,7,DOC-40613,http://retail.com/receipt/136
137,2023,244.23,61,Headphones,7,DOC-60604,http://retail.com/receipt/137
138,2024,3576.15,20,Tablet,1,DOC-26547,http://retail.com/receipt/138
139,2024,4345.82,43,Monitor,2,DOC-67711,http://retail.com/receipt/139
140,2022,2390.48,59,Smartphone,3,DOC-63736,http://retail.com/receipt/140
141,2024,4366.31,10,Tablet,5,DOC-54375,http://retail.com/receipt/141
142,2024,3132.54,11,Monitor,6,DOC-98389,http://retail.com/receipt/142
143,2024,1741.04,41,Headphones,8,DOC-80912,http://retail.com/receipt/143
144,2022,2797.69,31,Headphones,5,DOC-39817,http://retail.com/receipt/144
145,2024,452.19,13,Monitor,2,DOC-68153,http://retail.com/receipt/145
146,2022,3138.31,4,Smartphone,6,DOC-17355,http://retail.com/receipt/146
147,2023,1645.16,56,Laptop,4,DOC-79621,http://retail.com/receipt/147
148,2023,2568.38,24,Laptop,3,DOC-20350,http://retail.com/receipt/148
149,2024,3925.24,31,Tablet,10,DOC-28758,http://retail.com/receipt/149
150,2022,2102.12,33,Tablet,5,DOC-97404,http://retail.com/receipt/150
151,2022,4050.14,60,TV,9,DOC-30706,http://retail.com/receipt/151
152,2022,2015.7,45,Smartwatch,5,DOC-93746,http://retail.com/receipt/152
153,2023,3121.9,59,Monitor,5,DOC-36111,http://retail.com/receipt/153
154,2023,3847.34,14,Laptop,7,DOC-84963,http://retail.com/receipt/154
155,2023,2607.91,38,Smartphone,7,DOC-45976,http://retail.com/receipt/155
156,2022,2568.38,7,Smartwatch,8,DOC-47512,http://retail.com/receipt/156
157,2022,2751.44,46,Laptop,4,DOC-91381,http://retail.com/receipt/157
158,2023,3066.05,18,Headphones,2,DOC-92242,http://retail.com/receipt/158
159,2024,225.43,57,Smartphone,10,DOC-57823,http://retail.com/receipt/159
160,2024,634.78,38,TV,7,DOC-33021,http://retail.com/receipt/160
161,2022,638.11,70,TV,9,DOC-75771,http://retail.com/receipt/161
162,2023,3745.6,33,Monitor,8,DOC-48684,http://retail.com/receipt/162
163,2024,3923.27,15,Tablet,2,DOC-28449,http://retail.com/receipt/163
164,2022,3877.63,51,Monitor,9,DOC-57942,http://retail.com/receipt/164
165,2022,3568.53,2,TV,9,DOC-26199,http://retail.com/receipt/165
166,2023,1690.21,34,Smartwatch,7,DOC-93695,http://retail.com/receipt/166
167,2023,532.14,30,Tablet,1,DOC-91205,http://retail.com/receipt/167
168,2024,1509.63,29,Headphones,2,DOC-93283,http://retail.com/receipt/168
169,2023,4096.77,39,Headphones,7,DOC-25292,http://retail.com/receipt/169
170,2022,251.79,5,TV,8,DOC-25220,http://retail.com/receipt/170
171,2022,1094.86,69,Laptop,7,DOC-69459,http://retail.com/receipt/171
172,2023,3033.66,70,Tablet,10,DOC-30253,http://retail.com/receipt/172
173,2023,2964.4,63,Smartwatch,7,DOC-46666,http://retail.com/receipt/173
174,2022,3121.75,28,Tablet,8,DOC-40947,http://retail.com/receipt/174
175,2023,492.13,48,Smartwatch,6,DOC-17936,http://retail.com/receipt/175
176,2023,1277.67,16,Monitor,8,DOC-22015,http://retail.com/receipt/176
177,2024,993.87,77,Smartphone,1,DOC-53713,http://retail.com/receipt/177
178,2022,4450.25,73,Laptop,2,DOC-82641,http://retail.com/receipt/178
179,2022,2659.4,30,TV,3,DOC-88116,http://retail.com/receipt/179
180,2022,1283.87,19,Laptop,9,DOC-42853,http://retail.com/receipt/180
181,2022,539.17,4,Laptop,1,DOC-56955,http://retail.com/receipt/181
182,2022,2670.4,3,Laptop,5,DOC-16868,http://retail.com/receipt/182
183,2022,3350.65,68,Smartphone,2,DOC-72422,http://retail.com/receipt/183
184,2023,3512.18,66,Smartwatch,2,DOC-69245,http://retail.com/receipt/184
185,2024,1035.9,6,Headphones,9,DOC-49535,http://retail.com/receipt/185
186,2023,2912.87,4,Smartphone,8,DOC-62640,http://retail.com/receipt/186
187,2023,3103.13,63,Headphones,8,DOC-19632,http://retail.com/receipt/187
188,2022,1483.4,19,Smartphone,3,DOC-46046,http://retail.com/receipt/188
189,2024,2867.19,71,Headphones,6,DOC-59925,http://retail.com/receipt/189
190,2024,2410.98,59,Smartwatch,10,DOC-66387,http://retail.com/receipt/190
191,2022,3579.28,15,Monitor,9,DOC-38183,http://retail.com/receipt/191
192,2023,2059.42,30,Tablet,6,DOC-69441,http://retail.com/receipt/192
193,2023,1901.15,13,TV,7,DOC-50963,http://retail.com/receipt/193
194,2024,1184.26,20,Headphones,8,DOC-18799,http://retail.com/receipt/194
195,2022,3751.38,12,Tablet,2,DOC-58843,http://retail.com/receipt/195
196,2022,2525.85,76,Smartwatch,9,DOC-53207,http://retail.com/receipt/196
197,2024,593.93,46,Monitor,7,DOC-16743,http://retail.com/receipt/197
198,2023,2721.82,46,Smartphone,10,DOC-76507,http://retail.com/receipt/198
199,2022,738.55,62,Laptop,2,DOC-55890,http://retail.com/receipt/199
200,2024,1685.65,36,Smartwatch,4,DOC-66244,http://retail.com/receipt/200
201,2024,4386.73,72,Smartphone,10,DOC-96223,http://retail.com/receipt/201
202,2024,1240.14,24,TV,5,DOC-54541,http://retail.com/receipt/202
203,2023,77.17,19,Smartwatch,7,DOC-19120,http://retail.com/receipt/203
204,2022,3347.31,4,Smartphone,9,DOC-38197,http://retail.com/receipt/204
205,2023,1918.25,44,Laptop,6,DOC-50846,http://retail.com/receipt/205
206,2024,1493.5,73,Smartwatch,2,DOC-16895,http://retail.com/receipt/206
207,2022,750.47,7,Headphones,2,DOC-45665,http://retail.com/receipt/207
208,2023,2995.63,63,Smartwatch,8,DOC-64287,http://retail.com/receipt/208
209,2023,1009.28,66,Smartphone,6,DOC-66349,http://retail.com/receipt/209
210,2022,1310.45,76,Tablet,9,DOC-97442,http://retail.com/receipt/210
211,2023,252.11,51,Smartwatch,1,DOC-11007,http://retail.com/receipt/211
212,2022,1391.32,28,Monitor,3,DOC-43491,http://retail.com/receipt/212
213,2023,1510.14,1,Tablet,7,DOC-33028,http://retail.com/receipt/213
214,2022,1741.92,30,Smartwatch,9,DOC-97562,http://retail.com/receipt/214
215,2023,370.74,6,Tablet,1,DOC-70260,http://retail.com/receipt/215
216,2022,3886.39,74,Tablet,10,DOC-63008,http://retail.com/receipt/216
217,2024,2898.63,38,Smartphone,7,DOC-12733,http://retail.com/receipt/217
218,2023,814.84,59,Monitor,6,DOC-21551,http://retail.com/receipt/218
219,2023,3807.96,32,Tablet,10,DOC-62487,http://retail.com/receipt/219
220,2024,399.98,40,Headphones,6,DOC-39041,http://retail.com/receipt/220
221,2023,3517.07,10,Smartwatch,2,DOC-79547,http://retail.com/receipt/221
222,2024,912.87,45,TV,3,DOC-40968,http://retail.com/receipt/222
223,2022,701.68,26,Laptop,10,DOC-30036,http://retail.com/receipt/223
224,2024,385.32,64,Tablet,10,DOC-85952,http://retail.com/receipt/224
225,2023,3081.04,73,Headphones,10,DOC-52363,http://retail.com/receipt/225
226,2024,1456.82,57,Smartphone,8,DOC-67961,http://retail.com/receipt/226
227,2024,1397.55,36,Smartwatch,1,DOC-56129,http://retail.com/receipt/227
228,2024,380.15,60,Tablet,1,DOC-17456,http://retail.com/receipt/228
229,2023,3751.05,10,Headphones,2,DOC-90610,http://retail.com/receipt/229
230,2024,2306.45,60,Smartwatch,9,DOC-15376,http://retail.com/receipt/230
231,2023,4095.27,74,Headphones,4,DOC-52143,http://retail.com/receipt/231
232,2024,2166.55,20,Smartphone,8,DOC-23566,http://retail.com/receipt/232
233,2023,4421.62,11,Smartwatch,3,DOC-15130,http://retail.com/receipt/233
234,2022,3198.92,57,Smartwatch,9,DOC-89928,http://retail.com/receipt/234
235,2022,1669.35,37,Tablet,7,DOC-54350,http://retail.com/receipt/235
236,2024,2710.59,43,Smartphone,6,DOC-22387,http://retail.com/receipt/236
237,2024,3068.79,37,TV,10,DOC-29709,http://retail.com/receipt/237
238,2023,412.68,19,TV,5,DOC-95990,http://retail.com/receipt/238
239,2024,2996.5,17,Smartwatch,2,DOC-50577,http://retail.com/receipt/239
240,2024,1726.22,43,Monitor,3,DOC-97833,http://retail.com/receipt/240
241,2024,3738.87,68,Smartphone,7,DOC-76648,http://retail.com/receipt/241
242,2023,131.13,40,Laptop,4,DOC-54791,http://retail.com/receipt/242
243,2023,904.42,18,Laptop,2,DOC-48770,http://retail.com/receipt/243
244,2022,2309.22,70,Monitor,9,DOC-14947,http://retail.com/receipt/244
245,2024,1548.6,17,Smartwatch,7,DOC-30218,http://retail.com/receipt/245
246,2022,854.76,22,Headphones,8,DOC-15726,http://retail.com/receipt/246
247,2023,1671.13,31,Tablet,10,DOC-47346,http://retail.com/receipt/247
248,2024,3537.91,30,Smartwatch,4,DOC-50562,http://retail.com/receipt/248
249,2023,4072.69,25,TV,10,DOC-67749,http://retail.com/receipt/249
250,2023,3474.0,49,Smartwatch,9,DOC-64874,http://retail.com/receipt/250
251,2022,3685.17,18,Monitor,5,DOC-16839,http://retail.com/receipt/251
252,2024,2188.63,48,Smartwatch,2,DOC-77621,http://retail.com/receipt/252
253,2022,1318.53,21,TV,8,DOC-77286,http://retail.com/receipt/253
254,2022,3748.16,12,Laptop,8,DOC-55820,http://retail.com/receipt/254
255,2022,1896.29,51,Smartwatch,6,DOC-40903,http://retail.com/receipt/255
256,2023,4475.64,48,Laptop,1,DOC-51770,http://retail.com/receipt/256
257,2022,3784.33,43,Monitor,3,DOC-28035,http://retail.com/receipt/257
258,2022,1326.61,61,Headphones,3,DOC-71487,http://retail.com/receipt/258
259,2023,2788.3,11,Smartphone,5,DOC-38266,http://retail.com/receipt/259
260,2022,2492.18,68,Tablet,2,DOC-47762,http://retail.com/receipt/260
261,2022,1390.12,7,Laptop,7,DOC-93748,http://retail.com/receipt/261
262,2024,2084.16,15,Monitor,8,DOC-88215,http://retail.com/receipt/262
263,2024,123.14,66,Smartwatch,4,DOC-28818,http://retail.com/receipt/263
264,2023,1960.11,46,Laptop,10,DOC-64600,http://retail.com/receipt/264
265,2022,3006.45,11,Smartwatch,6,DOC-18870,http://retail.com/receipt/265
266,2024,2471.16,65,Smartwatch,1,DOC-61177,http://retail.com/receipt/266
267,2023,243.73,50,TV,5,DOC-12128,http://retail.com/receipt/267
268,2023,3558.91,45,Laptop,2,DOC-86271,http://retail.com/receipt/268
269,2024,3417.22,18,Smartphone,6,DOC-81567,http://retail.com/receipt/269
270,2023,3670.11,23,Monitor,8,DOC-72722,http://retail.com/receipt/270
271,2024,861.14,18,Smartphone,8,DOC-14847,http://retail.com/receipt/271
272,2023,947.08,26,Smartphone,6,DOC-50642,http://retail.com/receipt/272
273,2024,1822.1,70,Tablet,5,DOC-14799,http://retail.com/receipt/273
274,2024,900.41,46,Monitor,1,DOC-95948,http://retail.com/receipt/274
275,2023,1265.81,48,Tablet,7,DOC-67637,http://retail.com/receipt/275
276,2023,1558.71,24,Tablet,8,DOC-58148,http://retail.com/receipt/276
277,2024,1236.91,11,Headphones,7,DOC-20345,http://retail.com/receipt/277
278,2023,2730.92,24,Smartwatch,5,DOC-52101,http://retail.com/receipt/278
279,2022,406.31,38,TV,8,DOC-88986,http://retail.com/receipt/279
280,2024,1946.22,57,TV,8,DOC-15551,http://retail.com/receipt/280
281,2024,3921.67,46,Smartwatch,7,DOC-45986,http://retail.com/receipt/281
282,2024,4411.12,8,Smartphone,7,DOC-57619,http://retail.com/receipt/282
283,2024,3614.88,21,Smartphone,3,DOC-89635,http://retail.com/receipt/283
284,2024,3526.84,5,Laptop,2,DOC-40932,http://retail.com/receipt/284
285,2024,1680.16,50,Smartwatch,1,DOC-89310,http://retail.com/receipt/285
286,2022,3071.83,48,TV,8,DOC-20077,http://retail.com/receipt/286
287,2024,662.74,47,Tablet,6,DOC-95139,http://retail.com/receipt/287
288,2023,1160.77,15,Smartphone,3,DOC-75410,http://retail.com/receipt/288
289,2024,1772.09,72,Smartphone,5,DOC-44116,http://retail.com/receipt/289
290,2024,2035.92,37,Headphones,8,DOC-36237,http://retail.com/receipt/290
291,2022,653.99,10,Tablet,3,DOC-68341,http://retail.com/receipt/291
292,2022,3656.78,41,Headphones,6,DOC-18511,http://retail.com/receipt/292
293,2024,2462.66,39,Monitor,3,DOC-93584,http://retail.com/receipt/293
294,2022,3581.95,66,Laptop,2,DOC-36342,http://retail.com/receipt/294
295,2022,1103.48,64,Smartphone,6,DOC-82616,http://retail.com/receipt/295
296,2024,1691.65,71,Laptop,10,DOC-21300,http://retail.com/receipt/296
297,2022,1426.34,62,Smartwatch,7,DOC-63665,http://retail.com/receipt/297
298,2024,378.19,41,Headphones,2,DOC-68979,http://retail.com/receipt/298
299,2023,3076.49,45,Laptop,9,DOC-93859,http://retail.com/receipt/299
300,2024,859.74,17,Tablet,9,DOC-17263,http://retail.com/receipt/300
301,2022,2355.55,39,Laptop,3,DOC-52291,http://retail.com/receipt/301
302,2024,1053.34,67,TV,2,DOC-42847,http://retail.com/receipt/302
303,2022,2876.0,71,TV,3,DOC-91922,http://retail.com/receipt/303
304,2023,2784.21,12,Smartwatch,3,DOC-87569,http://retail.com/receipt/304
305,2024,736.16,44,Monitor,10,DOC-15399,http://retail.com/receipt/305
306,2022,411.44,74,TV,4,DOC-84991,http://retail.com/receipt/306
307,2023,2800.58,4,Tablet,9,DOC-47967,http://retail.com/receipt/307
308,2024,4307.09,62,Laptop,7,DOC-48985,http://retail.com/receipt/308
309,2023,374.73,8,Laptop,8,DOC-64476,http://retail.com/receipt/309
310,2023,2116.77,44,Smartwatch,3,DOC-50970,http://retail.com/receipt/310
311,2024,1470.96,45,Tablet,3,DOC-58567,http://retail.com/receipt/311
312,2024,2549.35,41,Laptop,8,DOC-26059,http://retail.com/receipt/312
313,2023,2050.7,19,Smartphone,1,DOC-48038,http://retail.com/receipt/313
314,2023,3895.53,54,Laptop,3,DOC-52917,http://retail.com/receipt/314
315,2024,3259.02,25,Monitor,3,DOC-75308,http://retail.com/receipt/315
316,2024,2127.33,40,Tablet,1,DOC-21802,http://retail.com/receipt/316
317,2023,2299.23,31,Laptop,10,DOC-56254,http://retail.com/receipt/317
318,2022,274.9,64,Smartwatch,8,DOC-47453,http://retail.com/receipt/318
319,2024,86.39,14,Tablet,3,DOC-44664,http://retail.com/receipt/319
320,2024,1677.71,52,TV,1,DOC-62505,http://retail.com/receipt/320
321,2022,2587.75,25,TV,9,DOC-47827,http://retail.com/receipt/321
322,2022,1769.25,58,Monitor,9,DOC-46663,http://retail.com/receipt/322
323,2024,3077.77,16,Laptop,2,DOC-61629,http://retail.com/receipt/323
324,2023,3587.29,44,Smartwatch,6,DOC-28909,http://retail.com/receipt/324
325,2022,2730.96,52,Smartwatch,1,DOC-15938,http://retail.com/receipt/325
326,2022,659.81,43,Monitor,8,DOC-78069,http://retail.com/receipt/326
327,2023,712.79,66,Laptop,6,DOC-90356,http://retail.com/receipt/327
328,2023,773.13,39,Smartwatch,6,DOC-76494,http://retail.com/receipt/328
329,2024,2418.91,73,TV,8,DOC-12180,http://retail.com/receipt/329
330,2023,1524.02,15,Tablet,10,DOC-50327,http://retail.com/receipt/330
331,2024,3930.84,4,Smartwatch,8,DOC-44803,http://retail.com/receipt/331
332,2024,3533.92,75,Smartwatch,4,DOC-16731,http://retail.com/receipt/332
333,2024,2188.0,68,Headphones,10,DOC-59832,http://retail.com/receipt/333
334,2022,3706.39,32,Smartphone,10,DOC-24404,http://retail.com/receipt/334
335,2022,134.27,41,Tablet,3,DOC-64127,http://retail.com/receipt/335
336,2024,957.32,65,Monitor,10,DOC-71814,http://retail.com/receipt/336
337,2024,3286.94,18,Smartwatch,4,DOC-83516,http://retail.com/receipt/337
338,2023,4491.65,62,Smartwatch,7,DOC-51124,http://retail.com/receipt/338
339,2022,2095.5,69,TV,9,DOC-56437,http://retail.com/receipt/339
340,2024,3485.35,34,Smartwatch,8,DOC-35200,http://retail.com/receipt/340
341,2022,1291.58,39,Laptop,5,DOC-47880,http://retail.com/receipt/341
342,2024,972.39,63,TV,8,DOC-55718,http://retail.com/receipt/342
343,2024,4204.97,36,TV,2,DOC-85166,http://retail.com/receipt/343
344,2024,2467.2,51,Monitor,6,DOC-29198,http://retail.com/receipt/344
345,2023,237.2,11,TV,8,DOC-95979,http://retail.com/receipt/345
346,2023,3375.66,28,Laptop,9,DOC-45537,http://retail.com/receipt/346
347,2024,3147.96,18,Smartphone,10,DOC-86917,http://retail.com/receipt/347
348,2022,1128.94,68,Laptop,4,DOC-16880,http://retail.com/receipt/348
349,2022,1889.19,61,Smartphone,3,DOC-10679,http://retail.com/receipt/349
350,2024,4401.7,21,Tablet,8,DOC-72580,http://retail.com/receipt/350
351,2024,937.58,37,TV,5,DOC-94659,http://retail.com/receipt/351
352,2022,4090.32,12,Headphones,10,DOC-40437,http://retail.com/receipt/352
353,2024,3337.16,5,Laptop,7,DOC-33040,http://retail.com/receipt/353
354,2022,4487.41,51,Monitor,8,DOC-34420,http://retail.com/receipt/354
355,2024,4331.48,38,Smartphone,1,DOC-49110,http://retail.com/receipt/355
356,2024,2732.38,43,TV,8,DOC-94058,http://retail.com/receipt/356
357,2024,2383.22,18,Monitor,9,DOC-71344,http://retail.com/receipt/357
358,2023,908.01,15,TV,3,DOC-70150,http://retail.com/receipt/358
359,2024,1194.83,24,Smartphone,6,DOC-48669,http://retail.com/receipt/359
360,2024,3051.09,25,Laptop,10,DOC-93719,http://retail.com/receipt/360
361,2023,3730.1,66,TV,2,DOC-62538,http://retail.com/receipt/361
362,2024,474.46,18,Tablet,6,DOC-42512,http://retail.com/receipt/362
363,2022,1210.49,31,Tablet,5,DOC-53204,http://retail.com/receipt/363
364,2023,2641.95,74,Smartphone,5,DOC-95679,http://retail.com/receipt/364
365,2023,3132.82,8,Headphones,2,DOC-71000,http://retail.com/receipt/365
366,2023,760.74,65,Headphones,5,DOC-25389,http://retail.com/receipt/366
367,2024,4126.78,38,TV,10,DOC-38947,http://retail.com/receipt/367
368,2022,4310.25,62,Laptop,8,DOC-89395,http://retail.com/receipt/368
369,2023,1900.51,71,Tablet,9,DOC-97044,http://retail.com/receipt/369
370,2022,3440.28,77,Monitor,2,DOC-78879,http://retail.com/receipt/370
371,2023,2400.37,47,Smartphone,10,DOC-24707,http://retail.com/receipt/371
372,2022,3738.04,65,Laptop,10,DOC-80341,http://retail.com/receipt/372
373,2022,782.19,67,Tablet,2,DOC-99167,http://retail.com/receipt/373
374,2022,3240.28,63,Smartphone,9,DOC-68390,http://retail.com/receipt/374
375,2022,2067.77,66,Tablet,8,DOC-83912,http://retail.com/receipt/375
376,2022,2536.65,40,Headphones,1,DOC-61897,http://retail.com/receipt/376
377,2023,3683.22,28,Smartwatch,2,DOC-15936,http://retail.com/receipt/377
378,2023,1583.15,9,Smartwatch,1,DOC-19046,http://retail.com/receipt/378
379,2023,191.22,53,Laptop,3,DOC-94085,http://retail.com/receipt/379
380,2024,2924.17,54,TV,7,DOC-68790,http://retail.com/receipt/380
381,2023,1721.62,70,Laptop,6,DOC-25549,http://retail.com/receipt/381
382,2022,4468.17,51,Smartwatch,3,DOC-39188,http://retail.com/receipt/382
383,2022,3415.0,39,Tablet,9,DOC-65591,http://retail.com/receipt/383
384,2024,1737.78,30,Laptop,8,DOC-55371,http://retail.com/receipt/384
385,2022,1276.64,15,Smartphone,7,DOC-90599,http://retail.com/receipt/385
386,2022,1120.97,9,Smartphone,10,DOC-14400,http://retail.com/receipt/386
387,2023,2710.14,7,Laptop,1,DOC-62725,http://retail.com/receipt/387
388,2023,1092.81,28,Monitor,1,DOC-28367,http://retail.com/receipt/388
389,2024,4471.0,30,Monitor,10,DOC-51799,http://retail.com/receipt/389
390,2024,2710.73,42,Laptop,5,DOC-28777,http://retail.com/receipt/390
391,2024,2369.57,53,TV,5,DOC-17989,http://retail.com/receipt/391
392,2024,4270.92,23,Headphones,7,DOC-82856,http://retail.com/receipt/392
393,2023,258.63,45,Headphones,7,DOC-78742,http://retail.com/receipt/393
394,2023,3148.57,53,Laptop,5,DOC-59343,http://retail.com/receipt/394
395,2022,3407.15,61,Laptop,4,DOC-49418,http://retail.com/receipt/395
396,2024,692.37,60,Smartphone,9,DOC-64090,http://retail.com/receipt/396
397,2023,2529.93,18,Tablet,4,DOC-43422,http://retail.com/receipt/397
398,2022,1519.67,11,Tablet,6,DOC-22119,http://retail.com/receipt/398
399,2024,3274.4,25,Smartphone,5,DOC-59436,http://retail.com/receipt/399
400,2024,2742.11,6,Monitor,2,DOC-34662,http://retail.com/receipt/400
401,2024,3273.16,72,Laptop,8,DOC-37379,http://retail.com/receipt/401
402,2023,1399.19,2,Laptop,4,DOC-25376,http://retail.com/receipt/402
403,2024,4498.1,62,Laptop,10,DOC-36805,http://retail.com/receipt/403
404,2023,4122.31,71,TV,5,DOC-59894,http://retail.com/receipt/404
405,2023,2424.74,46,TV,5,DOC-57139,http://retail.com/receipt/405
406,2024,3978.51,60,Smartphone,8,DOC-51973,http://retail.com/receipt/406
407,2022,1699.64,53,Smartphone,10,DOC-39002,http://retail.com/receipt/407
408,2024,699.36,34,Smartwatch,10,DOC-85909,http://retail.com/receipt/408
409,2024,1908.22,20,Laptop,6,DOC-40149,http://retail.com/receipt/409
410,2023,2585.56,32,Tablet,9,DOC-95800,http://retail.com/receipt/410
411,2024,1552.16,63,Headphones,8,DOC-70401,http://retail.com/receipt/411
412,2022,3310.84,46,Laptop,3,DOC-81636,http://retail.com/receipt/412
413,2023,869.01,70,Headphones,1,DOC-78674,http://retail.com/receipt/413
414,2022,3783.85,10,Monitor,1,DOC-10836,http://retail.com/receipt/414
415,2023,661.84,30,Smartphone,3,DOC-11198,http://retail.com/receipt/415
416,2022,2300.51,48,Smartphone,10,DOC-93588,http://retail.com/receipt/416
417,2024,4205.87,62,Headphones,8,DOC-12061,http://retail.com/receipt/417
418,2022,2418.35,53,Smartphone,1,DOC-79391,http://retail.com/receipt/418
419,2024,1272.6,37,Smartphone,9,DOC-98346,http://retail.com/receipt/419
420,2023,3637.45,23,Smartphone,2,DOC-78732,http://retail.com/receipt/420
421,2022,1122.31,68,TV,6,DOC-45038,http://retail.com/receipt/421
422,2023,401.64,52,Tablet,10,DOC-41877,http://retail.com/receipt/422
423,2024,1055.06,11,Headphones,1,DOC-22255,http://retail.com/receipt/423
424,2023,1737.72,71,Tablet,1,DOC-93459,http://retail.com/receipt/424
425,2022,3177.66,11,Tablet,7,DOC-94529,http://retail.com/receipt/425
426,2023,2568.06,13,Smartwatch,1,DOC-40115,http://retail.com/receipt/426
427,2022,4060.66,73,Tablet,5,DOC-16102,http://retail.com/receipt/427
428,2022,3095.71,36,Smartwatch,10,DOC-96259,http://retail.com/receipt/428
429,2022,848.13,41,Smartphone,4,DOC-86943,http://retail.com/receipt/429
430,2022,3397.53,51,Smartphone,5,DOC-31292,http://retail.com/receipt/430
431,2024,1120.1,50,Headphones,9,DOC-53480,http://retail.com/receipt/431
432,2023,3412.46,18,Monitor,2,DOC-75639,http://retail.com/receipt/432
433,2024,4385.74,7,Smartphone,7,DOC-40427,http://retail.com/receipt/433
434,2022,1565.64,77,Tablet,6,DOC-13883,http://retail.com/receipt/434
435,2024,1266.31,58,Tablet,4,DOC-56636,http://retail.com/receipt/435
436,2024,4238.09,56,Laptop,10,DOC-96595,http://retail.com/receipt/436
437,2023,431.34,38,Monitor,4,DOC-19634,http://retail.com/receipt/437
438,2022,1242.48,49,Headphones,3,DOC-61068,http://retail.com/receipt/438
439,2023,1655.12,12,Smartphone,5,DOC-68292,http://retail.com/receipt/439
440,2023,3437.99,14,Laptop,2,DOC-34561,http://retail.com/receipt/440
441,2023,2047.35,72,Smartwatch,7,DOC-23538,http://retail.com/receipt/441
442,2022,448.8,71,Smartphone,10,DOC-88386,http://retail.com/receipt/442
443,2023,3893.55,2,TV,7,DOC-60829,http://retail.com/receipt/443
444,2022,3275.56,72,Laptop,10,DOC-78302,http://retail.com/receipt/444
445,2022,3099.66,22,Laptop,5,DOC-49469,http://retail.com/receipt/445
446,2023,2244.4,9,Laptop,7,DOC-46170,http://retail.com/receipt/446
447,2023,1383.9,10,TV,5,DOC-42321,http://retail.com/receipt/447
448,2024,2831.4,77,Smartwatch,4,DOC-70012,http://retail.com/receipt/448
449,2022,652.93,1,Tablet,6,DOC-91289,http://retail.com/receipt/449
450,2023,3628.14,43,Tablet,6,DOC-66441,http://retail.com/receipt/450
451,2024,4385.3,18,TV,6,DOC-89064,http://retail.com/receipt/451
452,2024,943.79,41,Laptop,7,DOC-51830,http://retail.com/receipt/452
453,2023,3320.19,63,Smartwatch,4,DOC-52714,http://retail.com/receipt/453
454,2023,1297.34,51,TV,2,DOC-83905,http://retail.com/receipt/454
455,2022,2685.41,70,Laptop,9,DOC-13527,http://retail.com/receipt/455
456,2024,2104.22,27,Tablet,5,DOC-19064,http://retail.com/receipt/456
457,2023,3044.75,18,Headphones,5,DOC-41722,http://retail.com/receipt/457
458,2023,2981.05,55,Monitor,7,DOC-19694,http://retail.com/receipt/458
459,2023,4458.62,62,Smartwatch,7,DOC-80040,http://retail.com/receipt/459
460,2024,4159.56,54,Smartwatch,1,DOC-57124,http://retail.com/receipt/460
461,2024,4034.98,69,Smartwatch,2,DOC-24335,http://retail.com/receipt/461
462,2022,2976.33,46,Laptop,10,DOC-15806,http://retail.com/receipt/462
463,2024,4427.06,52,Monitor,6,DOC-66420,http://retail.com/receipt/463
464,2022,96.94,34,Laptop,9,DOC-77999,http://retail.com/receipt/464
465,2024,2633.31,74,Laptop,8,DOC-59036,http://retail.com/receipt/465
466,2023,2110.63,76,Headphones,9,DOC-29758,http://retail.com/receipt/466
467,2023,4489.78,62,Smartphone,5,DOC-64522,http://retail.com/receipt/467
468,2022,566.51,19,TV,5,DOC-54966,http://retail.com/receipt/468
469,2023,3540.0,67,Tablet,6,DOC-72411,http://retail.com/receipt/469
470,2022,1999.84,58,TV,2,DOC-49356,http://retail.com/receipt/470
471,2022,3655.33,15,Smartphone,6,DOC-94930,http://retail.com/receipt/471
472,2022,3063.27,22,Headphones,4,DOC-77632,http://retail.com/receipt/472
473,2022,2506.0,43,Smartwatch,7,DOC-70562,http://retail.com/receipt/473
474,2022,3600.01,24,Laptop,7,DOC-61849,http://retail.com/receipt/474
475,2022,3331.38,26,Tablet,10,DOC-66302,http://retail.com/receipt/475
476,2023,69.8,28,Laptop,5,DOC-18200,http://retail.com/receipt/476
477,2024,502.8,69,Laptop,6,DOC-52727,http://retail.com/receipt/477
478,2022,2086.1,34,Headphones,8,DOC-79168,http://retail.com/receipt/478
479,2024,1444.65,50,Smartwatch,7,DOC-86939,http://retail.com/receipt/479
480,2022,1598.26,59,Smartwatch,3,DOC-98288,http://retail.com/receipt/480
481,2024,3612.73,76,Smartphone,3,DOC-51049,http://retail.com/receipt/481
482,2022,1111.65,15,Laptop,6,DOC-28528,http://retail.com/receipt/482
483,2024,1778.66,77,Laptop,10,DOC-60293,http://retail.com/receipt/483
484,2023,876.6,69,Headphones,3,DOC-82733,http://retail.com/receipt/484
485,2022,2228.91,18,Laptop,6,DOC-69113,http://retail.com/receipt/485
486,2024,288.57,46,Smartphone,8,DOC-27895,http://retail.com/receipt/486
487,2022,3677.71,72,Smartwatch,8,DOC-63626,http://retail.com/receipt/487
488,2024,2238.18,57,Tablet,3,DOC-20835,http://retail.com/receipt/488
489,2024,187.33,29,TV,1,DOC-46025,http://retail.com/receipt/489
490,2022,2442.36,22,Monitor,8,DOC-84140,http://retail.com/receipt/490
491,2024,3487.84,64,Smartwatch,9,DOC-24838,http://retail.com/receipt/491
492,2024,558.22,70,Monitor,6,DOC-81046,http://retail.com/receipt/492
493,2022,3432.02,57,Smartwatch,4,DOC-65725,http://retail.com/receipt/493
494,2022,3325.15,32,TV,1,DOC-68947,http://retail.com/receipt/494
495,2023,1601.17,12,Tablet,2,DOC-41056,http://retail.com/receipt/495
496,2022,3657.63,76,Headphones,6,DOC-89988,http://retail.com/receipt/496
497,2024,1955.34,18,Monitor,4,DOC-37124,http://retail.com/receipt/497
498,2022,2586.83,69,TV,10,DOC-80617,http://retail.com/receipt/498
499,2022,1490.26,38,TV,10,DOC-45041,http://retail.com/receipt/499
500,2024,4435.42,13,Laptop,7,DOC-17770,http://retail.com/receipt/500
501,2023,3908.36,17,Headphones,3,DOC-42725,http://retail.com/receipt/501
502,2022,3215.71,32,Monitor,7,DOC-74154,http://retail.com/receipt/502
503,2022,2619.54,35,Headphones,7,DOC-59174,http://retail.com/receipt/503
504,2023,386.05,12,Tablet,9,DOC-46467,http://retail.com/receipt/504
505,2024,4216.7,48,Tablet,8,DOC-52898,http://retail.com/receipt/505
506,2024,61.01,12,Headphones,8,DOC-93209,http://retail.com/receipt/506
507,2024,3152.94,9,Monitor,9,DOC-62129,http://retail.com/receipt/507
508,2022,4358.17,28,Tablet,5,DOC-52318,http://retail.com/receipt/508
509,2023,1553.01,74,Laptop,10,DOC-73614,http://retail.com/receipt/509
510,2023,4028.99,7,Smartphone,2,DOC-92074,http://retail.com/receipt/510
511,2023,122.45,21,Tablet,8,DOC-10088,http://retail.com/receipt/511
512,2023,950.32,17,Headphones,5,DOC-30837,http://retail.com/receipt/512
513,2023,465.36,47,TV,2,DOC-58738,http://retail.com/receipt/513
514,2024,4071.91,22,Smartphone,7,DOC-91999,http://retail.com/receipt/514
515,2023,3280.65,30,Tablet,2,DOC-22475,http://retail.com/receipt/515
516,2022,999.72,10,Laptop,10,DOC-39647,http://retail.com/receipt/516
517,2024,3075.92,2,Smartphone,6,DOC-25806,http://retail.com/receipt/517
518,2023,3138.44,62,Smartphone,4,DOC-60209,http://retail.com/receipt/518
519,2022,3301.9,14,Smartphone,6,DOC-58177,http://retail.com/receipt/519
520,2023,660.23,18,Headphones,3,DOC-18966,http://retail.com/receipt/520
521,2024,2556.65,22,Tablet,6,DOC-37925,http://retail.com/receipt/521
522,2024,3379.8,53,Smartwatch,8,DOC-38474,http://retail.com/receipt/522
523,2022,4039.84,18,Monitor,2,DOC-87276,http://retail.com/receipt/523
524,2024,1758.94,55,TV,3,DOC-42477,http://retail.com/receipt/524
525,2023,2918.56,32,Smartwatch,10,DOC-88644,http://retail.com/receipt/525
526,2024,2753.79,4,Monitor,5,DOC-36928,http://retail.com/receipt/526
527,2024,2750.82,25,Headphones,7,DOC-48737,http://retail.com/receipt/527
528,2024,292.83,31,Tablet,7,DOC-24777,http://retail.com/receipt/528
529,2022,2273.14,77,Smartphone,9,DOC-11581,http://retail.com/receipt/529
530,2023,4205.96,17,Tablet,10,DOC-65163,http://retail.com/receipt/530
531,2023,2481.29,23,Monitor,8,DOC-19567,http://retail.com/receipt/531
532,2022,2663.77,2,TV,4,DOC-15220,http://retail.com/receipt/532
533,2022,4271.63,51,Smartwatch,5,DOC-92388,http://retail.com/receipt/533
534,2024,2279.67,54,Tablet,7,DOC-20803,http://retail.com/receipt/534
535,2024,2437.71,20,TV,2,DOC-50620,http://retail.com/receipt/535
536,2022,2325.31,27,Monitor,3,DOC-80305,http://retail.com/receipt/536
537,2023,1788.76,9,TV,7,DOC-41278,http://retail.com/receipt/537
538,2022,1137.93,56,Smartphone,8,DOC-90254,http://retail.com/receipt/538
539,2024,294.88,23,Smartphone,1,DOC-27984,http://retail.com/receipt/539
540,2024,100.51,64,TV,9,DOC-77793,http://retail.com/receipt/540
541,2024,1203.65,48,Laptop,5,DOC-25473,http://retail.com/receipt/541
542,2022,1540.8,55,TV,9,DOC-18371,http://retail.com/receipt/542
543,2023,3219.84,74,Headphones,2,DOC-75031,http://retail.com/receipt/543
544,2023,2322.98,8,Tablet,10,DOC-31873,http://retail.com/receipt/544
545,2023,750.03,14,Smartwatch,2,DOC-39937,http://retail.com/receipt/545
546,2024,2314.27,6,Monitor,1,DOC-42053,http://retail.com/receipt/546
547,2022,2149.35,50,Laptop,3,DOC-14635,http://retail.com/receipt/547
548,2024,3623.86,54,Laptop,6,DOC-42540,http://retail.com/receipt/548
549,2023,4125.55,41,TV,2,DOC-84912,http://retail.com/receipt/549
550,2023,581.33,7,Laptop,4,DOC-77603,http://retail.com/receipt/550
551,2022,4295.65,9,Tablet,5,DOC-50723,http://retail.com/receipt/551
552,2023,434.42,59,Smartphone,6,DOC-36302,http://retail.com/receipt/552
553,2023,2558.94,39,Headphones,10,DOC-41795,http://retail.com/receipt/553
554,2023,1688.82,64,Monitor,4,DOC-81638,http://retail.com/receipt/554
555,2022,720.02,53,Smartphone,4,DOC-80981,http://retail.com/receipt/555
556,2023,2879.94,2,TV,1,DOC-96154,http://retail.com/receipt/556
557,2023,3828.08,40,Smartphone,4,DOC-79443,http://retail.com/receipt/557
558,2022,1918.18,8,Laptop,5,DOC-22193,http://retail.com/receipt/558
559,2022,4149.67,67,Tablet,6,DOC-70091,http://retail.com/receipt/559
560,2024,427.82,13,Smartwatch,3,DOC-93521,http://retail.com/receipt/560
561,2023,383.0,73,Smartphone,7,DOC-96827,http://retail.com/receipt/561
562,2022,1103.63,34,Monitor,6,DOC-61505,http://retail.com/receipt/562
563,2024,3751.95,42,TV,8,DOC-45645,http://retail.com/receipt/563
564,2022,382.36,26,Laptop,10,DOC-24283,http://retail.com/receipt/564
565,2022,520.18,58,Tablet,6,DOC-63282,http://retail.com/receipt/565
566,2022,2434.86,27,Tablet,5,DOC-70731,http://retail.com/receipt/566
567,2023,3843.55,12,Laptop,5,DOC-89076,http://retail.com/receipt/567
568,2022,1006.84,42,Laptop,2,DOC-42534,http://retail.com/receipt/568
569,2023,1813.29,7,Headphones,5,DOC-44100,http://retail.com/receipt/569
570,2022,188.32,52,Monitor,8,DOC-82869,http://retail.com/receipt/570
571,2024,2498.04,13,Tablet,2,DOC-28322,http://retail.com/receipt/571
572,2022,103.21,29,Laptop,4,DOC-62505,http://retail.com/receipt/572
573,2023,3103.97,11,Smartwatch,10,DOC-43924,http://retail.com/receipt/573
574,2022,147.01,9,Laptop,8,DOC-26880,http://retail.com/receipt/574
575,2022,4077.6,43,Smartphone,1,DOC-70423,http://retail.com/receipt/575
576,2022,797.55,74,Tablet,7,DOC-75028,http://retail.com/receipt/576
577,2022,1753.15,55,Laptop,6,DOC-38143,http://retail.com/receipt/577
578,2022,1273.67,58,Laptop,1,DOC-90492,http://retail.com/receipt/578
579,2024,2795.55,38,Tablet,7,DOC-82179,http://retail.com/receipt/579
580,2023,321.36,36,Tablet,3,DOC-64949,http://retail.com/receipt/580
581,2022,2909.8,68,Laptop,9,DOC-12559,http://retail.com/receipt/581
582,2023,3529.53,46,Tablet,9,DOC-73527,http://retail.com/receipt/582
583,2023,4111.41,65,TV,7,DOC-45446,http://retail.com/receipt/583
584,2022,165.98,77,Laptop,1,DOC-46822,http://retail.com/receipt/584
585,2022,3648.51,61,Smartwatch,6,DOC-86544,http://retail.com/receipt/585
586,2022,4384.21,13,Laptop,4,DOC-44934,http://retail.com/receipt/586
587,2024,3682.47,8,Monitor,4,DOC-85457,http://retail.com/receipt/587
588,2023,1628.88,23,Laptop,4,DOC-87662,http://retail.com/receipt/588
589,2023,3637.64,46,Smartwatch,1,DOC-56095,http://retail.com/receipt/589
590,2024,2558.05,73,Laptop,8,DOC-81057,http://retail.com/receipt/590
591,2023,831.23,5,Smartphone,1,DOC-40490,http://retail.com/receipt/591
592,2024,1023.7,68,Tablet,1,DOC-53481,http://retail.com/receipt/592
593,2024,946.52,17,TV,3,DOC-52413,http://retail.com/receipt/593
594,2022,147.51,76,Headphones,3,DOC-24538,http://retail.com/receipt/594
595,2024,3879.98,10,TV,7,DOC-86810,http://retail.com/receipt/595
596,2022,1547.7,42,Laptop,3,DOC-67261,http://retail.com/receipt/596
597,2024,4324.95,41,Laptop,9,DOC-90440,http://retail.com/receipt/597
598,2023,1043.41,76,Monitor,3,DOC-59595,http://retail.com/receipt/598
599,2023,3316.28,38,Laptop,3,DOC-10235,http://retail.com/receipt/599
600,2024,4271.71,51,Monitor,10,DOC-14244,http://retail.com/receipt/600
601,2022,2730.63,29,Headphones,10,DOC-23645,http://retail.com/receipt/601
602,2023,675.86,10,Laptop,6,DOC-51879,http://retail.com/receipt/602
603,2022,2881.03,12,Monitor,6,DOC-68540,http://retail.com/receipt/603
604,2022,1230.2,32,Headphones,2,DOC-55938,http://retail.com/receipt/604
605,2023,3552.24,1,Smartphone,7,DOC-67438,http://retail.com/receipt/605
606,2024,1917.46,22,Tablet,8,DOC-59638,http://retail.com/receipt/606
607,2023,2479.81,13,Monitor,8,DOC-85766,http://retail.com/receipt/607
608,2024,3424.18,29,Laptop,8,DOC-19661,http://retail.com/receipt/608
609,2022,1362.34,41,TV,2,DOC-19725,http://retail.com/receipt/609
610,2023,806.97,49,Laptop,2,DOC-81702,http://retail.com/receipt/610
611,2022,1553.88,62,Headphones,1,DOC-66534,http://retail.com/receipt/611
612,2024,784.24,56,Laptop,1,DOC-23272,http://retail.com/receipt/612
613,2023,964.7,25,Tablet,9,DOC-80795,http://retail.com/receipt/613
614,2023,2989.66,39,Laptop,2,DOC-16505,http://retail.com/receipt/614
615,2023,2594.38,63,Laptop,1,DOC-57294,http://retail.com/receipt/615
616,2022,1952.85,38,Monitor,10,DOC-72957,http://retail.com/receipt/616
617,2022,481.59,27,Laptop,5,DOC-20739,http://retail.com/receipt/617
618,2023,3804.77,40,Monitor,7,DOC-71727,http://retail.com/receipt/618
619,2023,4032.2,34,Smartphone,9,DOC-60793,http://retail.com/receipt/619
620,2022,1701.04,49,TV,3,DOC-68428,http://retail.com/receipt/620
621,2022,1221.67,60,TV,4,DOC-45200,http://retail.com/receipt/621
622,2024,324.3,13,Smartphone,6,DOC-80968,http://retail.com/receipt/622
623,2023,4369.64,76,Laptop,9,DOC-17993,http://retail.com/receipt/623
624,2023,3691.9,54,Smartwatch,8,DOC-85066,http://retail.com/receipt/624
625,2022,2169.37,11,Tablet,1,DOC-75811,http://retail.com/receipt/625
626,2024,4057.03,74,Headphones,10,DOC-29326,http://retail.com/receipt/626
627,2022,4274.18,58,Laptop,3,DOC-37772,http://retail.com/receipt/627
628,2022,611.53,55,Smartphone,7,DOC-36465,http://retail.com/receipt/628
629,2024,708.06,77,TV,6,DOC-18783,http://retail.com/receipt/629
630,2022,1777.04,51,Smartwatch,6,DOC-46202,http://retail.com/receipt/630
631,2024,2088.8,2,Monitor,10,DOC-87014,http://retail.com/receipt/631
632,2024,3528.5,15,Tablet,3,DOC-29424,http://retail.com/receipt/632
633,2024,2666.31,13,Smartphone,10,DOC-23237,http://retail.com/receipt/633
634,2023,3910.26,45,Tablet,5,DOC-60206,http://retail.com/receipt/634
635,2024,2210.85,61,Smartphone,3,DOC-46099,http://retail.com/receipt/635
636,2023,690.14,52,Smartphone,7,DOC-53449,http://retail.com/receipt/636
637,2024,1107.23,61,TV,6,DOC-12651,http://retail.com/receipt/637
638,2023,3687.37,39,TV,5,DOC-74437,http://retail.com/receipt/638
639,2024,3097.59,30,Laptop,5,DOC-68079,http://retail.com/receipt/639
640,2023,1248.92,54,Smartwatch,2,DOC-34633,http://retail.com/receipt/640
641,2023,990.69,53,Headphones,8,DOC-77698,http://retail.com/receipt/641
642,2023,3703.53,66,Monitor,3,DOC-18600,http://retail.com/receipt/642
643,2023,3207.58,52,Laptop,9,DOC-84537,http://retail.com/receipt/643
644,2022,823.13,26,Monitor,1,DOC-42701,http://retail.com/receipt/644
645,2022,2081.2,47,Headphones,4,DOC-45910,http://retail.com/receipt/645
646,2023,3714.6,65,Tablet,2,DOC-99282,http://retail.com/receipt/646
647,2022,1126.62,63,Smartwatch,8,DOC-33276,http://retail.com/receipt/647
648,2023,2661.62,45,TV,3,DOC-43903,http://retail.com/receipt/648
649,2024,3747.37,12,TV,1,DOC-60667,http://retail.com/receipt/649
650,2022,774.94,74,Monitor,4,DOC-39012,http://retail.com/receipt/650
651,2024,1051.75,27,TV,7,DOC-77276,http://retail.com/receipt/651
652,2022,3897.6,2,Tablet,3,DOC-94852,http://retail.com/receipt/652
653,2022,2725.08,2,Laptop,5,DOC-89736,http://retail.com/receipt/653
654,2023,3221.7,36,Tablet,7,DOC-55706,http://retail.com/receipt/654
655,2023,1171.39,60,TV,9,DOC-91737,http://retail.com/receipt/655
656,2023,2650.97,1,Smartwatch,6,DOC-83591,http://retail.com/receipt/656
657,2024,2692.29,37,TV,2,DOC-73142,http://retail.com/receipt/657
658,2022,1546.46,36,Headphones,6,DOC-46291,http://retail.com/receipt/658
659,2023,2969.73,39,Laptop,3,DOC-77802,http://retail.com/receipt/659
660,2022,4053.61,77,Tablet,6,DOC-99228,http://retail.com/receipt/660
661,2022,3259.71,64,TV,5,DOC-64862,http://retail.com/receipt/661
662,2023,1777.82,5,Smartwatch,10,DOC-34892,http://retail.com/receipt/662
663,2023,3283.15,29,Headphones,9,DOC-93665,http://retail.com/receipt/663
664,2023,4084.04,46,Smartwatch,5,DOC-32280,http://retail.com/receipt/664
665,2024,3950.4,24,TV,2,DOC-71706,http://retail.com/receipt/665
666,2022,3347.09,72,Monitor,3,DOC-99091,http://retail.com/receipt/666
667,2023,2962.23,29,TV,4,DOC-50250,http://retail.com/receipt/667
668,2023,3557.0,43,TV,5,DOC-86751,http://retail.com/receipt/668
669,2023,2113.73,16,Tablet,1,DOC-93151,http://retail.com/receipt/669
670,2024,2632.39,10,Tablet,4,DOC-75598,http://retail.com/receipt/670
671,2022,3910.37,49,Smartwatch,5,DOC-64146,http://retail.com/receipt/671
672,2022,3925.28,20,Laptop,4,DOC-54914,http://retail.com/receipt/672
673,2023,4443.0,59,Laptop,6,DOC-33639,http://retail.com/receipt/673
674,2022,2219.73,23,TV,1,DOC-10617,http://retail.com/receipt/674
675,2023,1267.2,22,Smartwatch,3,DOC-74169,http://retail.com/receipt/675
676,2022,625.86,56,Headphones,7,DOC-62873,http://retail.com/receipt/676
677,2023,4345.71,50,Smartphone,1,DOC-79963,http://retail.com/receipt/677
678,2022,3301.43,2,TV,9,DOC-34979,http://retail.com/receipt/678
679,2022,3061.53,32,Laptop,6,DOC-50906,http://retail.com/receipt/679
680,2022,507.05,65,Smartwatch,5,DOC-31891,http://retail.com/receipt/680
681,2022,3716.11,39,TV,8,DOC-78195,http://retail.com/receipt/681
682,2024,2382.32,56,Headphones,3,DOC-54922,http://retail.com/receipt/682
683,2023,1648.67,25,Laptop,7,DOC-12506,http://retail.com/receipt/683
684,2022,1048.23,17,Laptop,1,DOC-87292,http://retail.com/receipt/684
685,2024,801.98,47,Headphones,1,DOC-59177,http://retail.com/receipt/685
686,2024,1188.26,69,Smartwatch,1,DOC-87846,http://retail.com/receipt/686
687,2022,2995.77,3,Smartphone,2,DOC-64627,http://retail.com/receipt/687
688,2023,1742.13,71,TV,8,DOC-30070,http://retail.com/receipt/688
689,2022,3143.6,2,TV,7,DOC-96725,http://retail.com/receipt/689
690,2022,2998.05,35,Smartwatch,10,DOC-27978,http://retail.com/receipt/690
691,2023,3746.4,14,Smartwatch,10,DOC-25431,http://retail.com/receipt/691
692,2023,557.36,14,Tablet,4,DOC-89823,http://retail.com/receipt/692
693,2022,3511.92,67,Laptop,6,DOC-63707,http://retail.com/receipt/693
694,2023,763.66,71,Tablet,4,DOC-73001,http://retail.com/receipt/694
695,2023,1093.55,2,Headphones,2,DOC-24474,http://retail.com/receipt/695
696,2024,3027.15,20,Smartphone,9,DOC-19836,http://retail.com/receipt/696
697,2024,3269.91,33,Headphones,4,DOC-69867,http://retail.com/receipt/697
698,2023,1225.36,7,Smartphone,3,DOC-15170,http://retail.com/receipt/698
699,2023,1652.96,41,Tablet,2,DOC-22451,http://retail.com/receipt/699
700,2022,93.04,18,Headphones,3,DOC-53078,http://retail.com/receipt/700
701,2023,4030.65,35,Headphones,2,DOC-58840,http://retail.com/receipt/701
702,2023,863.77,52,Tablet,8,DOC-45629,http://retail.com/receipt/702
703,2023,3120.07,62,Monitor,7,DOC-95045,http://retail.com/receipt/703
704,2022,553.1,8,Monitor,3,DOC-23593,http://retail.com/receipt/704
705,2023,4104.96,62,Monitor,10,DOC-98918,http://retail.com/receipt/705
706,2023,856.61,49,Monitor,6,DOC-90131,http://retail.com/receipt/706
707,2022,3888.46,17,Tablet,8,DOC-24802,http://retail.com/receipt/707
708,2023,2011.06,9,TV,6,DOC-11620,http://retail.com/receipt/708
709,2024,3914.08,68,Monitor,10,DOC-84057,http://retail.com/receipt/709
710,2022,4401.64,44,Smartwatch,9,DOC-91033,http://retail.com/receipt/710
711,2022,1976.17,32,Tablet,6,DOC-96993,http://retail.com/receipt/711
712,2024,2904.25,20,Monitor,9,DOC-90335,http://retail.com/receipt/712
713,2022,101.82,21,Smartwatch,8,DOC-74990,http://retail.com/receipt/713
714,2022,383.15,63,TV,4,DOC-53371,http://retail.com/receipt/714
715,2023,274.06,29,Smartwatch,7,DOC-62858,http://retail.com/receipt/715
716,2022,400.8,57,Monitor,10,DOC-68733,http://retail.com/receipt/716
717,2022,3861.82,58,TV,2,DOC-75191,http://retail.com/receipt/717
718,2024,2957.51,14,Tablet,7,DOC-14696,http://retail.com/receipt/718
719,2024,2493.49,12,Monitor,10,DOC-91142,http://retail.com/receipt/719
720,2024,1405.46,66,Smartwatch,4,DOC-95799,http://retail.com/receipt/720
721,2024,2080.13,44,TV,1,DOC-39218,http://retail.com/receipt/721
722,2023,1527.28,77,Tablet,6,DOC-69314,http://retail.com/receipt/722
723,2022,483.59,29,Smartphone,6,DOC-56548,http://retail.com/receipt/723
724,2024,4341.73,38,Smartwatch,9,DOC-59006,http://retail.com/receipt/724
725,2024,523.13,22,Tablet,3,DOC-63636,http://retail.com/receipt/725
726,2022,1181.59,26,Laptop,2,DOC-61497,http://retail.com/receipt/726
727,2022,2083.85,25,Headphones,6,DOC-24125,http://retail.com/receipt/727
728,2023,256.93,76,Smartphone,8,DOC-69950,http://retail.com/receipt/728
729,2024,2672.46,65,Laptop,8,DOC-10568,http://retail.com/receipt/729
730,2024,3326.15,71,Tablet,10,DOC-73298,http://retail.com/receipt/730
731,2024,3525.81,23,Headphones,10,DOC-32760,http://retail.com/receipt/731
732,2024,3677.84,14,Tablet,10,DOC-89450,http://retail.com/receipt/732
733,2023,2293.29,50,Tablet,10,DOC-42537,http://retail.com/receipt/733
734,2023,1820.52,44,TV,8,DOC-27481,http://retail.com/receipt/734
735,2022,1886.72,66,TV,9,DOC-51144,http://retail.com/receipt/735
736,2024,3328.84,71,Headphones,4,DOC-36330,http://retail.com/receipt/736
737,2022,2827.55,38,Headphones,6,DOC-98129,http://retail.com/receipt/737
738,2022,4416.94,23,Smartwatch,9,DOC-93476,http://retail.com/receipt/738
739,2023,3211.07,46,Smartwatch,8,DOC-86389,http://retail.com/receipt/739
740,2024,4244.9,54,Headphones,9,DOC-47477,http://retail.com/receipt/740
741,2023,3646.96,67,Smartphone,1,DOC-59921,http://retail.com/receipt/741
742,2022,286.14,8,Laptop,5,DOC-31094,http://retail.com/receipt/742
743,2023,3091.09,19,Monitor,1,DOC-48684,http://retail.com/receipt/743
744,2022,3403.49,5,TV,8,DOC-23432,http://retail.com/receipt/744
745,2024,3912.76,72,Monitor,4,DOC-94819,http://retail.com/receipt/745
746,2024,1780.55,66,Monitor,5,DOC-97096,http://retail.com/receipt/746
747,2022,4172.86,50,Tablet,6,DOC-82368,http://retail.com/receipt/747
748,2022,107.7,33,Laptop,10,DOC-68073,http://retail.com/receipt/748
749,2022,4106.11,48,Monitor,10,DOC-81645,http://retail.com/receipt/749
750,2024,2735.07,25,TV,8,DOC-33255,http://retail.com/receipt/750
751,2024,381.39,23,Headphones,9,DOC-25643,http://retail.com/receipt/751
752,2023,230.82,36,Smartwatch,5,DOC-27048,http://retail.com/receipt/752
753,2022,2648.74,33,Smartphone,6,DOC-71122,http://retail.com/receipt/753
754,2024,4221.85,6,Laptop,6,DOC-88234,http://retail.com/receipt/754
755,2022,3492.79,39,Tablet,10,DOC-82110,http://retail.com/receipt/755
756,2023,374.32,41,Smartwatch,4,DOC-34100,http://retail.com/receipt/756
757,2024,353.39,65,Laptop,7,DOC-81182,http://retail.com/receipt/757
758,2024,1845.21,45,Laptop,4,DOC-96944,http://retail.com/receipt/758
759,2023,1523.25,38,Laptop,10,DOC-79533,http://retail.com/receipt/759
760,2023,4485.01,2,Smartphone,6,DOC-68414,http://retail.com/receipt/760
761,2022,4075.01,32,Smartphone,6,DOC-59987,http://retail.com/receipt/761
762,2022,1767.15,70,Headphones,5,DOC-13238,http://retail.com/receipt/762
763,2024,3708.39,48,Smartwatch,9,DOC-68400,http://retail.com/receipt/763
764,2023,245.14,25,TV,9,DOC-20793,http://retail.com/receipt/764
765,2022,794.91,69,Smartwatch,1,DOC-92173,http://retail.com/receipt/765
766,2022,987.98,28,Monitor,7,DOC-23621,http://retail.com/receipt/766
767,2022,2443.01,56,Headphones,2,DOC-99921,http://retail.com/receipt/767
768,2022,155.7,43,Smartphone,2,DOC-19600,http://retail.com/receipt/768
769,2022,842.07,33,Smartwatch,2,DOC-85361,http://retail.com/receipt/769
770,2022,4103.89,53,Tablet,8,DOC-92603,http://retail.com/receipt/770
771,2023,1976.96,3,Tablet,2,DOC-80101,http://retail.com/receipt/771
772,2022,2904.33,9,Monitor,10,DOC-15965,http://retail.com/receipt/772
773,2024,3824.72,46,Smartwatch,2,DOC-47989,http://retail.com/receipt/773
774,2024,1391.01,12,TV,8,DOC-59992,http://retail.com/receipt/774
775,2023,3708.44,4,Tablet,3,DOC-79922,http://retail.com/receipt/775
776,2022,656.9,51,Monitor,9,DOC-48663,http://retail.com/receipt/776
777,2024,691.14,48,Smartphone,9,DOC-82754,http://retail.com/receipt/777
778,2022,598.4,1,Smartwatch,10,DOC-61653,http://retail.com/receipt/778
779,2024,2486.49,11,TV,4,DOC-55069,http://retail.com/receipt/779
780,2022,1886.31,66,Laptop,3,DOC-34116,http://retail.com/receipt/780
781,2022,2795.14,33,Laptop,2,DOC-33770,http://retail.com/receipt/781
782,2024,3608.49,7,Monitor,9,DOC-70458,http://retail.com/receipt/782
783,2024,2496.01,38,Headphones,2,DOC-42858,http://retail.com/receipt/783
784,2022,928.51,75,Tablet,6,DOC-56810,http://retail.com/receipt/784
785,2022,3037.27,31,Smartphone,5,DOC-91201,http://retail.com/receipt/785
786,2022,4055.53,41,Tablet,8,DOC-53036,http://retail.com/receipt/786
787,2024,2984.43,75,Laptop,10,DOC-84299,http://retail.com/receipt/787
788,2023,3644.26,55,Laptop,1,DOC-51053,http://retail.com/receipt/788
789,2022,3546.19,56,TV,6,DOC-27603,http://retail.com/receipt/789
790,2024,3311.73,62,Tablet,8,DOC-57020,http://retail.com/receipt/790
791,2023,2217.02,14,Laptop,10,DOC-20744,http://retail.com/receipt/791
792,2023,3871.28,18,Smartwatch,4,DOC-44502,http://retail.com/receipt/792
793,2024,3994.19,10,Headphones,2,DOC-12441,http://retail.com/receipt/793
794,2024,2860.74,75,Smartwatch,7,DOC-87337,http://retail.com/receipt/794
795,2022,4083.05,71,TV,9,DOC-80736,http://retail.com/receipt/795
796,2023,2959.89,20,TV,7,DOC-39269,http://retail.com/receipt/796
797,2024,3312.86,38,Laptop,8,DOC-75683,http://retail.com/receipt/797
798,2024,452.97,47,Smartwatch,1,DOC-96858,http://retail.com/receipt/798
799,2022,3823.52,22,Monitor,9,DOC-28398,http://retail.com/receipt/799
800,2023,758.54,73,Smartwatch,3,DOC-73373,http://retail.com/receipt/800
801,2023,229.87,63,Laptop,2,DOC-44649,http://retail.com/receipt/801
802,2023,1091.38,27,Smartwatch,6,DOC-60868,http://retail.com/receipt/802
803,2023,4134.66,6,Smartphone,6,DOC-23529,http://retail.com/receipt/803
804,2024,4359.56,36,Monitor,5,DOC-85842,http://retail.com/receipt/804
805,2024,2587.21,49,Headphones,7,DOC-57880,http://retail.com/receipt/805
806,2024,2957.35,10,Smartwatch,5,DOC-59326,http://retail.com/receipt/806
807,2022,2347.85,46,Monitor,6,DOC-73813,http://retail.com/receipt/807
808,2023,3997.92,1,Smartwatch,3,DOC-67658,http://retail.com/receipt/808
809,2022,1073.46,66,Headphones,5,DOC-37723,http://retail.com/receipt/809
810,2022,881.73,47,Smartwatch,2,DOC-96652,http://retail.com/receipt/810
811,2022,1895.03,43,Headphones,2,DOC-73113,http://retail.com/receipt/811
812,2024,2180.73,27,Smartwatch,3,DOC-94837,http://retail.com/receipt/812
813,2023,149.88,6,Laptop,10,DOC-87640,http://retail.com/receipt/813
814,2022,649.52,66,Smartphone,10,DOC-29249,http://retail.com/receipt/814
815,2022,790.22,24,Smartwatch,7,DOC-88558,http://retail.com/receipt/815
816,2024,2887.42,37,Smartphone,4,DOC-68877,http://retail.com/receipt/816
817,2024,4467.85,62,Laptop,4,DOC-63840,http://retail.com/receipt/817
818,2024,685.07,75,Monitor,3,DOC-91685,http://retail.com/receipt/818
819,2024,2323.08,22,Headphones,6,DOC-69437,http://retail.com/receipt/819
820,2024,2678.15,30,Tablet,7,DOC-27329,http://retail.com/receipt/820
821,2022,123.7,67,Monitor,9,DOC-99701,http://retail.com/receipt/821
822,2023,3727.99,13,Laptop,8,DOC-90576,http://retail.com/receipt/822
823,2024,223.71,69,Smartwatch,2,DOC-22214,http://retail.com/receipt/823
824,2023,2984.3,70,Monitor,1,DOC-98940,http://retail.com/receipt/824
825,2024,1970.16,54,TV,1,DOC-79444,http://retail.com/receipt/825
826,2023,1071.21,62,Monitor,7,DOC-55943,http://retail.com/receipt/826
827,2024,3630.56,74,Smartphone,7,DOC-27548,http://retail.com/receipt/827
828,2023,2173.28,30,Monitor,2,DOC-47128,http://retail.com/receipt/828
829,2024,3951.61,53,TV,4,DOC-10716,http://retail.com/receipt/829
830,2024,3359.22,1,Smartwatch,9,DOC-25444,http://retail.com/receipt/830
831,2024,82.01,27,Headphones,6,DOC-63588,http://retail.com/receipt/831
832,2023,524.3,55,Headphones,10,DOC-43244,http://retail.com/receipt/832
833,2023,3854.65,55,Smartwatch,6,DOC-90200,http://retail.com/receipt/833
834,2023,4463.5,51,Monitor,4,DOC-64162,http://retail.com/receipt/834
835,2024,3537.86,62,Laptop,6,DOC-83281,http://retail.com/receipt/835
836,2024,2202.73,40,Smartwatch,6,DOC-62183,http://retail.com/receipt/836
837,2024,664.4,16,Headphones,4,DOC-68536,http://retail.com/receipt/837
838,2024,4274.14,13,Laptop,9,DOC-62502,http://retail.com/receipt/838
839,2023,3613.8,7,Laptop,7,DOC-93345,http://retail.com/receipt/839
840,2022,3629.44,19,Tablet,10,DOC-67065,http://retail.com/receipt/840
841,2022,335.16,29,TV,2,DOC-89826,http://retail.com/receipt/841
842,2022,3274.0,52,Smartwatch,9,DOC-47548,http://retail.com/receipt/842
843,2024,4337.71,8,Monitor,3,DOC-93924,http://retail.com/receipt/843
844,2023,2003.43,26,Monitor,9,DOC-47487,http://retail.com/receipt/844
845,2022,199.56,77,Smartwatch,9,DOC-40365,http://retail.com/receipt/845
846,2024,804.2,5,TV,4,DOC-95854,http://retail.com/receipt/846
847,2022,4391.62,12,TV,7,DOC-56285,http://retail.com/receipt/847
848,2024,1808.39,76,Laptop,9,DOC-12014,http://retail.com/receipt/848
849,2024,3181.12,12,Smartwatch,5,DOC-83284,http://retail.com/receipt/849
850,2024,1599.02,36,Laptop,10,DOC-35496,http://retail.com/receipt/850
851,2023,4187.23,74,Smartphone,5,DOC-32942,http://retail.com/receipt/851
852,2023,2302.76,72,Smartphone,9,DOC-48568,http://retail.com/receipt/852
853,2023,4264.22,66,TV,9,DOC-85352,http://retail.com/receipt/853
854,2023,3139.15,49,Smartwatch,8,DOC-41886,http://retail.com/receipt/854
855,2023,4327.51,59,Headphones,8,DOC-86916,http://retail.com/receipt/855
856,2022,2194.77,34,Smartphone,7,DOC-93055,http://retail.com/receipt/856
857,2022,3062.26,30,Monitor,6,DOC-64057,http://retail.com/receipt/857
858,2023,2348.44,2,Headphones,5,DOC-42539,http://retail.com/receipt/858
859,2023,463.89,44,Smartphone,9,DOC-33394,http://retail.com/receipt/859
860,2023,1446.73,28,Smartwatch,5,DOC-33957,http://retail.com/receipt/860
861,2024,3089.83,25,Tablet,4,DOC-40783,http://retail.com/receipt/861
862,2024,1127.15,34,Laptop,4,DOC-36577,http://retail.com/receipt/862
863,2022,3771.69,46,Laptop,2,DOC-25712,http://retail.com/receipt/863
864,2022,3057.36,64,Smartwatch,1,DOC-80972,http://retail.com/receipt/864
865,2022,3823.65,48,Smartwatch,6,DOC-74532,http://retail.com/receipt/865
866,2024,3916.02,63,Laptop,9,DOC-46735,http://retail.com/receipt/866
867,2023,1038.31,74,Laptop,1,DOC-78909,http://retail.com/receipt/867
868,2023,2178.52,70,Smartphone,9,DOC-55519,http://retail.com/receipt/868
869,2023,3878.78,23,Tablet,2,DOC-77922,http://retail.com/receipt/869
870,2023,1454.65,2,Smartphone,4,DOC-59732,http://retail.com/receipt/870
871,2024,498.33,47,Smartwatch,5,DOC-34530,http://retail.com/receipt/871
872,2024,1219.68,35,Tablet,10,DOC-54970,http://retail.com/receipt/872
873,2023,868.42,55,Laptop,7,DOC-58799,http://retail.com/receipt/873
874,2023,3851.75,36,Tablet,3,DOC-84895,http://retail.com/receipt/874
875,2022,4407.76,30,Monitor,2,DOC-45382,http://retail.com/receipt/875
876,2022,2521.26,49,Laptop,3,DOC-29601,http://retail.com/receipt/876
877,2023,3635.22,23,Tablet,8,DOC-27625,http://retail.com/receipt/877
878,2024,2350.68,41,Monitor,8,DOC-49326,http://retail.com/receipt/878
879,2023,2551.52,73,Smartphone,7,DOC-22972,http://retail.com/receipt/879
880,2024,776.87,28,Monitor,5,DOC-72460,http://retail.com/receipt/880
881,2024,478.54,43,TV,6,DOC-57226,http://retail.com/receipt/881
882,2024,2530.84,33,TV,1,DOC-63970,http://retail.com/receipt/882
883,2022,1612.35,26,Smartwatch,10,DOC-95179,http://retail.com/receipt/883
884,2024,2446.05,37,TV,6,DOC-98236,http://retail.com/receipt/884
885,2024,2219.35,58,Smartphone,7,DOC-90434,http://retail.com/receipt/885
886,2023,2113.7,19,Monitor,3,DOC-93962,http://retail.com/receipt/886
887,2023,1927.08,74,Tablet,2,DOC-20369,http://retail.com/receipt/887
888,2022,1579.13,41,TV,5,DOC-45058,http://retail.com/receipt/888
889,2024,2918.67,35,Tablet,6,DOC-86928,http://retail.com/receipt/889
890,2024,4346.59,53,Laptop,3,DOC-13027,http://retail.com/receipt/890
891,2022,3288.59,33,Headphones,2,DOC-37600,http://retail.com/receipt/891
892,2022,1816.85,13,Smartphone,8,DOC-81884,http://retail.com/receipt/892
893,2022,167.32,51,Smartwatch,2,DOC-23622,http://retail.com/receipt/893
894,2023,2800.55,11,Headphones,7,DOC-50549,http://retail.com/receipt/894
895,2022,1150.91,37,Tablet,3,DOC-27206,http://retail.com/receipt/895
896,2024,3781.4,4,Smartphone,6,DOC-52624,http://retail.com/receipt/896
897,2023,2129.01,70,TV,9,DOC-68306,http://retail.com/receipt/897
898,2022,4364.46,70,Laptop,10,DOC-88326,http://retail.com/receipt/898
899,2023,2858.16,73,Tablet,9,DOC-93858,http://retail.com/receipt/899
900,2024,2425.34,45,Tablet,9,DOC-39770,http://retail.com/receipt/900
901,2022,2016.28,47,Tablet,5,DOC-30410,http://retail.com/receipt/901
902,2023,96.97,67,Monitor,3,DOC-55073,http://retail.com/receipt/902
903,2023,2137.93,2,Headphones,8,DOC-72530,http://retail.com/receipt/903
904,2023,90.64,56,Monitor,5,DOC-88250,http://retail.com/receipt/904
905,2022,3595.61,71,TV,4,DOC-63967,http://retail.com/receipt/905
906,2024,1995.12,32,Laptop,7,DOC-59592,http://retail.com/receipt/906
907,2022,1220.26,55,Headphones,4,DOC-77713,http://retail.com/receipt/907
908,2024,3643.71,35,TV,9,DOC-45235,http://retail.com/receipt/908
909,2023,886.6,9,Laptop,3,DOC-47957,http://retail.com/receipt/909
910,2022,2884.17,58,TV,10,DOC-74486,http://retail.com/receipt/910
911,2022,1476.86,20,Smartphone,9,DOC-12900,http://retail.com/receipt/911
912,2022,4376.88,37,TV,3,DOC-67464,http://retail.com/receipt/912
913,2024,86.51,12,Laptop,1,DOC-74694,http://retail.com/receipt/913
914,2022,1571.51,40,Monitor,8,DOC-58679,http://retail.com/receipt/914
915,2023,3151.36,5,TV,2,DOC-29148,http://retail.com/receipt/915
916,2022,1235.94,51,Smartphone,9,DOC-71623,http://retail.com/receipt/916
917,2022,905.26,33,Monitor,7,DOC-11653,http://retail.com/receipt/917
918,2022,4386.96,32,Tablet,8,DOC-42396,http://retail.com/receipt/918
919,2024,4475.68,26,Tablet,2,DOC-78306,http://retail.com/receipt/919
920,2024,4420.42,61,Tablet,5,DOC-52344,http://retail.com/receipt/920
921,2022,2849.78,6,Headphones,9,DOC-78278,http://retail.com/receipt/921
922,2022,1177.24,39,Laptop,6,DOC-16827,http://retail.com/receipt/922
923,2024,1019.16,15,Laptop,7,DOC-52534,http://retail.com/receipt/923
924,2022,794.75,36,Smartwatch,2,DOC-61879,http://retail.com/receipt/924
925,2022,89.74,6,Smartwatch,8,DOC-88146,http://retail.com/receipt/925
926,2022,1702.72,12,Laptop,3,DOC-75525,http://retail.com/receipt/926
927,2022,3102.45,44,Monitor,1,DOC-17834,http://retail.com/receipt/927
928,2023,2918.36,69,Monitor,2,DOC-26492,http://retail.com/receipt/928
929,2023,1085.4,72,Monitor,6,DOC-67503,http://retail.com/receipt/929
930,2024,908.7,49,TV,3,DOC-42859,http://retail.com/receipt/930
931,2022,2209.59,57,Smartwatch,5,DOC-81137,http://retail.com/receipt/931
932,2024,2230.91,73,Laptop,9,DOC-55569,http://retail.com/receipt/932
933,2023,3309.19,36,Monitor,10,DOC-82682,http://retail.com/receipt/933
934,2022,356.5,20,Tablet,5,DOC-44517,http://retail.com/receipt/934
935,2024,1683.65,1,Monitor,9,DOC-59681,http://retail.com/receipt/935
936,2024,875.63,3,Smartwatch,6,DOC-91290,http://retail.com/receipt/936
937,2022,1477.09,9,Headphones,9,DOC-60789,http://retail.com/receipt/937
938,2022,2382.11,64,Monitor,9,DOC-30202,http://retail.com/receipt/938
939,2024,1309.92,53,Headphones,6,DOC-24478,http://retail.com/receipt/939
940,2022,2378.24,9,Smartphone,3,DOC-33414,http://retail.com/receipt/940
941,2022,949.25,63,Laptop,2,DOC-14170,http://retail.com/receipt/941
942,2024,2905.79,50,Headphones,8,DOC-78920,http://retail.com/receipt/942
943,2024,3170.85,33,Smartphone,6,DOC-38930,http://retail.com/receipt/943
944,2024,3244.41,2,Laptop,8,DOC-20480,http://retail.com/receipt/944
945,2023,3614.54,8,TV,9,DOC-64519,http://retail.com/receipt/945
946,2023,3584.41,8,Monitor,10,DOC-44840,http://retail.com/receipt/946
947,2024,230.91,10,Monitor,5,DOC-20215,http://retail.com/receipt/947
948,2022,4324.61,13,Smartphone,4,DOC-79685,http://retail.com/receipt/948
949,2023,893.1,68,Headphones,4,DOC-84714,http://retail.com/receipt/949
950,2024,4266.39,72,Headphones,9,DOC-64419,http://retail.com/receipt/950
951,2024,519.54,74,TV,8,DOC-97194,http://retail.com/receipt/951
952,2023,3978.57,22,Monitor,3,DOC-82085,http://retail.com/receipt/952
953,2023,2295.88,21,Smartwatch,10,DOC-68066,http://retail.com/receipt/953
954,2023,4066.06,71,TV,6,DOC-64046,http://retail.com/receipt/954
955,2024,1966.12,42,Smartwatch,4,DOC-83812,http://retail.com/receipt/955
956,2024,1001.98,71,Headphones,5,DOC-57187,http://retail.com/receipt/956
957,2023,2041.37,51,Smartphone,1,DOC-47287,http://retail.com/receipt/957
958,2024,122.55,18,TV,1,DOC-49365,http://retail.com/receipt/958
959,2022,1005.96,41,Smartphone,5,DOC-82569,http://retail.com/receipt/959
960,2024,2525.64,74,Laptop,2,DOC-14946,http://retail.com/receipt/960
961,2023,1632.67,18,TV,6,DOC-86304,http://retail.com/receipt/961
962,2022,1086.82,39,Smartphone,10,DOC-62402,http://retail.com/receipt/962
963,2024,4134.57,10,Headphones,6,DOC-73246,http://retail.com/receipt/963
964,2022,2222.83,74,Monitor,2,DOC-88018,http://retail.com/receipt/964
965,2024,1386.75,74,Tablet,2,DOC-17329,http://retail.com/receipt/965
966,2023,1598.29,56,Tablet,2,DOC-39716,http://retail.com/receipt/966
967,2024,2954.87,2,Headphones,7,DOC-17094,http://retail.com/receipt/967
968,2023,2383.51,41,Smartwatch,10,DOC-29605,http://retail.com/receipt/968
969,2023,2285.69,29,Laptop,1,DOC-98294,http://retail.com/receipt/969
970,2024,4488.28,58,Monitor,10,DOC-85399,http://retail.com/receipt/970
971,2024,450.87,56,TV,7,DOC-29400,http://retail.com/receipt/971
972,2022,1545.95,61,Smartwatch,1,DOC-81847,http://retail.com/receipt/972
973,2023,1218.38,52,Smartwatch,7,DOC-27088,http://retail.com/receipt/973
974,2022,2190.11,26,Tablet,7,DOC-95491,http://retail.com/receipt/974
975,2024,922.64,68,Laptop,4,DOC-19390,http://retail.com/receipt/975
976,2023,3506.63,42,Headphones,10,DOC-21743,http://retail.com/receipt/976
977,2022,3039.28,55,TV,6,DOC-34967,http://retail.com/receipt/977
978,2023,1583.14,4,Monitor,5,DOC-32184,http://retail.com/receipt/978
979,2023,2792.18,57,Smartwatch,3,DOC-67732,http://retail.com/receipt/979
980,2022,4162.75,30,Laptop,6,DOC-30446,http://retail.com/receipt/980
981,2024,3844.8,15,Headphones,1,DOC-41856,http://retail.com/receipt/981
982,2024,4173.95,37,Smartphone,6,DOC-24585,http://retail.com/receipt/982
983,2023,2052.77,3,TV,4,DOC-80517,http://retail.com/receipt/983
984,2022,956.92,67,Monitor,5,DOC-81932,http://retail.com/receipt/984
985,2023,2822.54,19,Headphones,1,DOC-59362,http://retail.com/receipt/985
986,2024,4081.88,68,Smartphone,5,DOC-32324,http://retail.com/receipt/986
987,2022,1313.86,35,Smartphone,8,DOC-95820,http://retail.com/receipt/987
988,2022,346.36,35,Headphones,6,DOC-24141,http://retail.com/receipt/988
989,2022,1351.61,50,Laptop,7,DOC-76655,http://retail.com/receipt/989
990,2024,493.24,41,Tablet,10,DOC-79672,http://retail.com/receipt/990
991,2022,879.56,65,Tablet,9,DOC-12816,http://retail.com/receipt/991
992,2022,1150.9,68,TV,6,DOC-74216,http://retail.com/receipt/992
993,2023,3362.54,3,TV,6,DOC-56580,http://retail.com/receipt/993
994,2024,1395.35,65,TV,1,DOC-92023,http://retail.com/receipt/994
995,2023,3960.11,4,Smartwatch,5,DOC-39567,http://retail.com/receipt/995
996,2022,1570.95,51,Headphones,3,DOC-21507,http://retail.com/receipt/996
997,2024,1750.82,30,Tablet,4,DOC-85090,http://retail.com/receipt/997
998,2022,1947.77,40,Smartwatch,6,DOC-68873,http://retail.com/receipt/998
999,2024,636.39,18,Smartwatch,9,DOC-99659,http://retail.com/receipt/999
1000,2022,3888.52,40,Headphones,9,DOC-27727,http://retail.com/receipt/1000
1001,2023,4480.8,19,Headphones,10,DOC-30715,http://retail.com/receipt/1001
1002,2023,351.77,69,Headphones,2,DOC-34134,http://retail.com/receipt/1002
1003,2023,3785.88,19,Headphones,1,DOC-51771,http://retail.com/receipt/1003
1004,2023,4327.32,39,Tablet,5,DOC-29917,http://retail.com/receipt/1004
1005,2022,525.13,24,Smartphone,10,DOC-90864,http://retail.com/receipt/1005
1006,2023,2744.94,30,Smartwatch,4,DOC-40266,http://retail.com/receipt/1006
1007,2024,166.08,11,Headphones,8,DOC-27575,http://retail.com/receipt/1007
1008,2024,3815.32,61,Headphones,6,DOC-34114,http://retail.com/receipt/1008
1009,2023,2236.93,18,Laptop,4,DOC-39658,http://retail.com/receipt/1009
1010,2022,1868.22,2,TV,7,DOC-39170,http://retail.com/receipt/1010
1011,2024,3037.46,26,Monitor,4,DOC-18668,http://retail.com/receipt/1011
1012,2022,4175.61,57,Monitor,10,DOC-74217,http://retail.com/receipt/1012
1013,2024,1495.79,59,Laptop,7,DOC-63066,http://retail.com/receipt/1013
1014,2022,2755.29,49,Headphones,6,DOC-61662,http://retail.com/receipt/1014
1015,2024,4229.17,74,Smartwatch,9,DOC-78843,http://retail.com/receipt/1015
1016,2024,3947.23,5,Smartwatch,2,DOC-69193,http://retail.com/receipt/1016
1017,2023,3730.19,6,Laptop,9,DOC-80499,http://retail.com/receipt/1017
1018,2023,4428.05,6,Smartwatch,7,DOC-77649,http://retail.com/receipt/1018
1019,2024,4333.54,25,TV,8,DOC-62171,http://retail.com/receipt/1019
1020,2023,3492.86,37,Tablet,3,DOC-65372,http://retail.com/receipt/1020
1021,2023,2778.45,7,Headphones,9,DOC-28643,http://retail.com/receipt/1021
1022,2023,3743.03,58,Smartphone,9,DOC-24833,http://retail.com/receipt/1022
1023,2022,3515.35,70,Laptop,7,DOC-64206,http://retail.com/receipt/1023
1024,2023,2056.44,23,Tablet,10,DOC-36467,http://retail.com/receipt/1024
1025,2023,451.3,42,Headphones,3,DOC-26193,http://retail.com/receipt/1025
1026,2022,558.03,58,Headphones,6,DOC-21181,http://retail.com/receipt/1026
1027,2024,3197.39,66,Smartwatch,3,DOC-59634,http://retail.com/receipt/1027
1028,2024,1743.7,22,TV,10,DOC-96445,http://retail.com/receipt/1028
1029,2022,771.45,19,Laptop,1,DOC-64995,http://retail.com/receipt/1029
1030,2023,1427.36,58,TV,3,DOC-25408,http://retail.com/receipt/1030
1031,2022,4323.93,1,Smartwatch,5,DOC-11600,http://retail.com/receipt/1031
1032,2023,2264.44,64,Smartwatch,1,DOC-89689,http://retail.com/receipt/1032
1033,2023,1108.56,76,Headphones,8,DOC-69472,http://retail.com/receipt/1033
1034,2023,2016.35,77,Smartwatch,1,DOC-42075,http://retail.com/receipt/1034
1035,2024,1287.6,72,Monitor,4,DOC-16411,http://retail.com/receipt/1035
1036,2022,709.74,45,Smartphone,3,DOC-14250,http://retail.com/receipt/1036
1037,2024,2622.51,39,TV,2,DOC-16426,http://retail.com/receipt/1037
1038,2022,1905.46,23,Laptop,5,DOC-90096,http://retail.com/receipt/1038
1039,2024,3127.24,77,Smartwatch,9,DOC-33254,http://retail.com/receipt/1039
1040,2023,3384.54,47,Smartphone,2,DOC-49229,http://retail.com/receipt/1040
1041,2023,1690.13,49,Monitor,2,DOC-66010,http://retail.com/receipt/1041
1042,2024,338.92,61,Laptop,2,DOC-45968,http://retail.com/receipt/1042
1043,2023,2395.38,68,Laptop,4,DOC-90223,http://retail.com/receipt/1043
1044,2022,536.39,68,Smartphone,8,DOC-89269,http://retail.com/receipt/1044
1045,2024,1327.98,41,TV,9,DOC-85385,http://retail.com/receipt/1045
1046,2024,1624.65,17,Smartwatch,10,DOC-75063,http://retail.com/receipt/1046
1047,2024,3294.87,64,Tablet,3,DOC-89876,http://retail.com/receipt/1047
1048,2022,3203.21,25,Smartphone,2,DOC-13143,http://retail.com/receipt/1048
1049,2023,2833.3,16,Headphones,4,DOC-90649,http://retail.com/receipt/1049
1050,2023,1892.48,43,TV,9,DOC-93558,http://retail.com/receipt/1050
1051,2022,100.27,26,Headphones,5,DOC-43347,http://retail.com/receipt/1051
1052,2022,1419.59,65,Smartwatch,6,DOC-10803,http://retail.com/receipt/1052
1053,2022,3101.97,44,Tablet,10,DOC-90739,http://retail.com/receipt/1053
1054,2022,3752.59,25,TV,6,DOC-98142,http://retail.com/receipt/1054
1055,2023,4126.93,5,Headphones,3,DOC-73110,http://retail.com/receipt/1055
1056,2022,2841.04,69,TV,8,DOC-64257,http://retail.com/receipt/1056
1057,2024,299.3,67,TV,10,DOC-98892,http://retail.com/receipt/1057
1058,2023,2520.54,3,Laptop,10,DOC-99848,http://retail.com/receipt/1058
